<?xml version="1.0" encoding="UTF-8"?>
<project-private xmlns="http://www.netbeans.org/ns/project-private/1">
    <editor-bookmarks xmlns="http://www.netbeans.org/ns/editor-bookmarks/2" lastBookmarkId="0"/>
    <open-files xmlns="http://www.netbeans.org/ns/projectui-open-files/2">
        <group>
            <file>file:/E:/Multiple%20Cloud/web/adminhome.jsp</file>
            <file>file:/E:/Multiple%20Cloud/src/java/chat.java</file>
            <file>file:/E:/Multiple%20Cloud/web/WEB-INF/web.xml</file>
            <file>file:/E:/Multiple%20Cloud/src/java/reply.java</file>
            <file>file:/E:/Multiple%20Cloud/web/userdownload.jsp</file>
            <file>file:/E:/Multiple%20Cloud/src/java/ende.java</file>
            <file>file:/E:/Multiple%20Cloud/src/java/url.java</file>
            <file>file:/E:/Multiple%20Cloud/web/ucloud.jsp</file>
            <file>file:/E:/Multiple%20Cloud/web/reply.jsp</file>
            <file>file:/E:/Multiple%20Cloud/src/java/sensor.java</file>
            <file>file:/E:/Multiple%20Cloud/web/sense.jsp</file>
            <file>file:/E:/Multiple%20Cloud/src/java/encryption.java</file>
            <file>file:/E:/Multiple%20Cloud/web/adminresponse.jsp</file>
            <file>file:/E:/Multiple%20Cloud/web/chat.jsp</file>
            <file>file:/E:/Multiple%20Cloud/web/dchat.jsp</file>
            <file>file:/E:/Multiple%20Cloud/src/java/sendmail.java</file>
            <file>file:/E:/Multiple%20Cloud/web/uhome.jsp</file>
            <file>file:/E:/Multiple%20Cloud/src/java/cloudme.java</file>
            <file>file:/E:/Multiple%20Cloud/web/viewmsg.jsp</file>
            <file>file:/E:/Multiple%20Cloud/src/java/loginveri.java</file>
            <file>file:/E:/Multiple%20Cloud/web/index.html</file>
            <file>file:/E:/Multiple%20Cloud/web/userupload.jsp</file>
            <file>file:/E:/Multiple%20Cloud/web/login.jsp</file>
            <file>file:/E:/Multiple%20Cloud/src/java/adownload.java</file>
            <file>file:/E:/Multiple%20Cloud/web/adminuserlist.jsp</file>
            <file>file:/E:/Multiple%20Cloud/web/adminfilelist.jsp</file>
            <file>file:/E:/Multiple%20Cloud/src/java/reg.java</file>
            <file>file:/E:/Multiple%20Cloud/src/java/login.java</file>
            <file>file:/E:/Multiple%20Cloud/src/java/Cloud.java</file>
            <file>file:/E:/Multiple%20Cloud/src/java/upload.java</file>
            <file>file:/E:/Multiple%20Cloud/src/java/adminupload.java</file>
            <file>file:/E:/Multiple%20Cloud/web/adminupload.jsp</file>
            <file>file:/E:/Multiple%20Cloud/src/java/downloadfilee.java</file>
        </group>
    </open-files>
</project-private>
