<?xml version="1.0" encoding="UTF-8"?>
<project xmlns="http://www.netbeans.org/ns/project/1">
    <type>org.netbeans.modules.web.project</type>
    <configuration>
        <data xmlns="http://www.netbeans.org/ns/web-project/3">
            <name>Multiple Cloud</name>
            <minimum-ant-version>1.6.5</minimum-ant-version>
            <web-module-libraries>
                <library dirs="200">
                    <file>${file.reference.lib-CopyLibs}</file>
                    <path-in-war>WEB-INF/classes</path-in-war>
                </library>
                <library dirs="200">
                    <file>${file.reference.activation.jar}</file>
                    <path-in-war>WEB-INF/lib</path-in-war>
                </library>
                <library dirs="200">
                    <file>${file.reference.apache-mime4j-0.6.jar}</file>
                    <path-in-war>WEB-INF/lib</path-in-war>
                </library>
                <library dirs="200">
                    <file>${file.reference.apache-mime4j.jar}</file>
                    <path-in-war>WEB-INF/lib</path-in-war>
                </library>
                <library dirs="200">
                    <file>${file.reference.asm-3.3.jar}</file>
                    <path-in-war>WEB-INF/lib</path-in-war>
                </library>
                <library dirs="200">
                    <file>${file.reference.asm-commons-3.3.jar}</file>
                    <path-in-war>WEB-INF/lib</path-in-war>
                </library>
                <library dirs="200">
                    <file>${file.reference.asm-tree-3.3.jar}</file>
                    <path-in-war>WEB-INF/lib</path-in-war>
                </library>
                <library dirs="200">
                    <file>${file.reference.cloudmejavaapi111.jar}</file>
                    <path-in-war>WEB-INF/lib</path-in-war>
                </library>
                <library dirs="200">
                    <file>${file.reference.comm-2.0.jar}</file>
                    <path-in-war>WEB-INF/lib</path-in-war>
                </library>
                <library dirs="200">
                    <file>${file.reference.commons-codec-1.6.jar}</file>
                    <path-in-war>WEB-INF/lib</path-in-war>
                </library>
                <library dirs="200">
                    <file>${file.reference.commons-fileupload-1.2.2.jar}</file>
                    <path-in-war>WEB-INF/lib</path-in-war>
                </library>
                <library dirs="200">
                    <file>${file.reference.commons-fileupload-1.3.1.jar}</file>
                    <path-in-war>WEB-INF/lib</path-in-war>
                </library>
                <library dirs="200">
                    <file>${file.reference.commons-fileupload-1.3.jar}</file>
                    <path-in-war>WEB-INF/lib</path-in-war>
                </library>
                <library dirs="200">
                    <file>${file.reference.commons-io-2.0.1.jar}</file>
                    <path-in-war>WEB-INF/lib</path-in-war>
                </library>
                <library dirs="200">
                    <file>${file.reference.commons-io-2.4.jar}</file>
                    <path-in-war>WEB-INF/lib</path-in-war>
                </library>
                <library dirs="200">
                    <file>${file.reference.commons-lang3-3.1.jar}</file>
                    <path-in-war>WEB-INF/lib</path-in-war>
                </library>
                <library dirs="200">
                    <file>${file.reference.commons-logging-1.1.1.jar}</file>
                    <path-in-war>WEB-INF/lib</path-in-war>
                </library>
                <library dirs="200">
                    <file>${file.reference.dropbox-java-sdk-1.5.3.jar}</file>
                    <path-in-war>WEB-INF/lib</path-in-war>
                </library>
                <library dirs="200">
                    <file>${file.reference.fluent-hc-4.2.2.jar}</file>
                    <path-in-war>WEB-INF/lib</path-in-war>
                </library>
                <library dirs="200">
                    <file>${file.reference.freemarker-2.3.19.jar}</file>
                    <path-in-war>WEB-INF/lib</path-in-war>
                </library>
                <library dirs="200">
                    <file>${file.reference.httpclient-4.0.3.jar}</file>
                    <path-in-war>WEB-INF/lib</path-in-war>
                </library>
                <library dirs="200">
                    <file>${file.reference.httpclient-4.2.2.jar}</file>
                    <path-in-war>WEB-INF/lib</path-in-war>
                </library>
                <library dirs="200">
                    <file>${file.reference.httpclient-cache-4.2.2.jar}</file>
                    <path-in-war>WEB-INF/lib</path-in-war>
                </library>
                <library dirs="200">
                    <file>${file.reference.httpcore-4.0.1.jar}</file>
                    <path-in-war>WEB-INF/lib</path-in-war>
                </library>
                <library dirs="200">
                    <file>${file.reference.httpcore-4.2.2.jar}</file>
                    <path-in-war>WEB-INF/lib</path-in-war>
                </library>
                <library dirs="200">
                    <file>${file.reference.httpmime-4.0.3.jar}</file>
                    <path-in-war>WEB-INF/lib</path-in-war>
                </library>
                <library dirs="200">
                    <file>${file.reference.httpmime-4.2.2.jar}</file>
                    <path-in-war>WEB-INF/lib</path-in-war>
                </library>
                <library dirs="200">
                    <file>${file.reference.jSerialComm-1.3.11__1_.jar}</file>
                    <path-in-war>WEB-INF/lib</path-in-war>
                </library>
                <library dirs="200">
                    <file>${file.reference.jSerialComm-1.3.11.jar}</file>
                    <path-in-war>WEB-INF/lib</path-in-war>
                </library>
                <library dirs="200">
                    <file>${file.reference.jSerialComm-1.3.4.jar}</file>
                    <path-in-war>WEB-INF/lib</path-in-war>
                </library>
                <library dirs="200">
                    <file>${file.reference.java-fusion-charts_v2.2.jar}</file>
                    <path-in-war>WEB-INF/lib</path-in-war>
                </library>
                <library dirs="200">
                    <file>${file.reference.java-mail-1.4.4.jar}</file>
                    <path-in-war>WEB-INF/lib</path-in-war>
                </library>
                <library dirs="200">
                    <file>${file.reference.lib-javaee-endorsed-api-6.0}</file>
                    <path-in-war>WEB-INF/classes</path-in-war>
                </library>
                <library dirs="200">
                    <file>${file.reference.javafx-ui-common.jar}</file>
                    <path-in-war>WEB-INF/lib</path-in-war>
                </library>
                <library dirs="200">
                    <file>${file.reference.javafx-ui-controls.jar}</file>
                    <path-in-war>WEB-INF/lib</path-in-war>
                </library>
                <library dirs="200">
                    <file>${file.reference.javafx-ui-desktop.jar}</file>
                    <path-in-war>WEB-INF/lib</path-in-war>
                </library>
                <library dirs="200">
                    <file>${file.reference.javassist-3.11.0.GA.jar}</file>
                    <path-in-war>WEB-INF/lib</path-in-war>
                </library>
                <library dirs="200">
                    <file>${file.reference.javax.mail.jar}</file>
                    <path-in-war>WEB-INF/lib</path-in-war>
                </library>
                <library dirs="200">
                    <file>${file.reference.jaws-bin.jar}</file>
                    <path-in-war>WEB-INF/lib</path-in-war>
                </library>
                <library dirs="200">
                    <file>${file.reference.jcommon-0.9.3.jar}</file>
                    <path-in-war>WEB-INF/lib</path-in-war>
                </library>
                <library dirs="200">
                    <file>${file.reference.jcommon-1.0.23.jar}</file>
                    <path-in-war>WEB-INF/lib</path-in-war>
                </library>
                <library dirs="200">
                    <file>${file.reference.jfreechart-0.9.21.jar}</file>
                    <path-in-war>WEB-INF/lib</path-in-war>
                </library>
                <library dirs="200">
                    <file>${file.reference.jfreechart-1.0.13_src.jar}</file>
                    <path-in-war>WEB-INF/lib</path-in-war>
                </library>
                <library dirs="200">
                    <file>${file.reference.jfreechart-1.0.19.jar}</file>
                    <path-in-war>WEB-INF/lib</path-in-war>
                </library>
                <library dirs="200">
                    <file>${file.reference.jfreechart.jar}</file>
                    <path-in-war>WEB-INF/lib</path-in-war>
                </library>
                <library dirs="200">
                    <file>${file.reference.json_simple-1.1.jar}</file>
                    <path-in-war>WEB-INF/lib</path-in-war>
                </library>
                <library dirs="200">
                    <file>${file.reference.jtds-1.3.1.jar}</file>
                    <path-in-war>WEB-INF/lib</path-in-war>
                </library>
                <library dirs="200">
                    <file>${file.reference.lib-jxl}</file>
                    <path-in-war>WEB-INF/classes</path-in-war>
                </library>
                <library dirs="200">
                    <file>${file.reference.mail.jar}</file>
                    <path-in-war>WEB-INF/lib</path-in-war>
                </library>
                <library dirs="200">
                    <file>${file.reference.mysql-connector-java-3.1.14-bin.jar}</file>
                    <path-in-war>WEB-INF/lib</path-in-war>
                </library>
                <library dirs="200">
                    <file>${file.reference.mysql-connector-java-5.0.4-bin.jar}</file>
                    <path-in-war>WEB-INF/lib</path-in-war>
                </library>
                <library dirs="200">
                    <file>${file.reference.mysql-connector-java-5.1.2.jar}</file>
                    <path-in-war>WEB-INF/lib</path-in-war>
                </library>
                <library dirs="200">
                    <file>${file.reference.lib-mysql-connector-java-5.1.23-bin}</file>
                    <path-in-war>WEB-INF/classes</path-in-war>
                </library>
                <library dirs="200">
                    <file>${file.reference.mysql-connector-java-5.1.23-bin.jar}</file>
                    <path-in-war>WEB-INF/lib</path-in-war>
                </library>
                <library dirs="200">
                    <file>${file.reference.ognl-3.0.6.jar}</file>
                    <path-in-war>WEB-INF/lib</path-in-war>
                </library>
                <library dirs="200">
                    <file>${file.reference.poi-3.15-beta2.jar}</file>
                    <path-in-war>WEB-INF/lib</path-in-war>
                </library>
                <library dirs="200">
                    <file>${file.reference.poi-examples-3.15-beta2.jar}</file>
                    <path-in-war>WEB-INF/lib</path-in-war>
                </library>
                <library dirs="200">
                    <file>${file.reference.poi-excelant-3.15-beta2.jar}</file>
                    <path-in-war>WEB-INF/lib</path-in-war>
                </library>
                <library dirs="200">
                    <file>${file.reference.poi-ooxml-3.15-beta2.jar}</file>
                    <path-in-war>WEB-INF/lib</path-in-war>
                </library>
                <library dirs="200">
                    <file>${file.reference.poi-ooxml-schemas-3.15-beta2.jar}</file>
                    <path-in-war>WEB-INF/lib</path-in-war>
                </library>
                <library dirs="200">
                    <file>${file.reference.poi-scratchpad-3.15-beta2.jar}</file>
                    <path-in-war>WEB-INF/lib</path-in-war>
                </library>
                <library dirs="200">
                    <file>${file.reference.qrgen-1.2.jar}</file>
                    <path-in-war>WEB-INF/lib</path-in-war>
                </library>
                <library dirs="200">
                    <file>${file.reference.rita.jar}</file>
                    <path-in-war>WEB-INF/lib</path-in-war>
                </library>
                <library dirs="200">
                    <file>${file.reference.rxtx-2.1.7.jar}</file>
                    <path-in-war>WEB-INF/lib</path-in-war>
                </library>
                <library dirs="200">
                    <file>${file.reference.struts2-convention-plugin-2.3.15.3.jar}</file>
                    <path-in-war>WEB-INF/lib</path-in-war>
                </library>
                <library dirs="200">
                    <file>${file.reference.struts2-core-2.3.15.3.jar}</file>
                    <path-in-war>WEB-INF/lib</path-in-war>
                </library>
                <library dirs="200">
                    <file>${file.reference.xmlbeans-2.3.0.jar}</file>
                    <path-in-war>WEB-INF/lib</path-in-war>
                </library>
                <library dirs="200">
                    <file>${file.reference.xwork-core-2.3.15.3.jar}</file>
                    <path-in-war>WEB-INF/lib</path-in-war>
                </library>
            </web-module-libraries>
            <web-module-additional-libraries/>
            <source-roots>
                <root id="src.dir"/>
            </source-roots>
            <test-roots>
                <root id="test.src.dir"/>
            </test-roots>
        </data>
        <libraries xmlns="http://www.netbeans.org/ns/ant-project-libraries/1">
            <definitions>.\lib\nblibraries.properties</definitions>
        </libraries>
    </configuration>
</project>
